[provincie],[candidatura],[nome],[cognome],[email],[city],[height],[lead_score],[applied_before],[genere],[nascita],[_time],[_date],[_url],Last Applied on
Trento,Fotomodelli,Chloe,Thompson,c.thompson@randatmail.com,Riva del Garda,183,73.2,TRUE,Femmina,1995-08-24,12:17,7 January 2020,Facebook,07/01/2020
Torino,Fotomodelli,Kelsey,Brown,k.brown@randatmail.com,Banchette,174,87.3,FALSE,Femmina,1997-07-20,12:21,7 January 2020,Facebook,07/01/2020
Torino,Fotomodelli,Samantha,Reed,s.reed@randatmail.com,Banchette,175,90,-,Femmina,1997-07-20,12:21,7 January 2020,Facebook,07/01/2020
Brescia,Fotomodelli,Sawyer,Harris,s.harris@randatmail.com,,163,99,FALSE,Femmina,1996-11-30,12:37,7 January 2020,Facebook,07/01/2020
Reggio Nell'Emilia,Attori/Attrici,Maddie,Baker,m.baker@randatmail.com,Reggio Emilia,187,,TRUE,Maschio,2000-01-17,12:42,7 January 2020,Facebook,07/01/2020
Napoli,Attori/Attrici,Max,Myers,m.myers@randatmail.com,Meta di Sorrento,173,73.2,FALSE,Femmina,2002-02-12,12:47,7 January 2020,Facebook,07/01/2020
Genova,Fotomodelli,Adelaide,Martin,a.martin@randatmail.com,Genova,172,87.3,-,Maschio,1990-12-07,13:13,7 January 2020,Facebook,07/01/2020
Napoli,Attori/Attrici,Amelia,Thomas,a.thomas@randatmail.com,napoli,,24,FALSE,Maschio,2000-03-09,13:15,7 January 2020,Facebook,07/01/2020
Frosinone,Attori/Attrici,Daniel,Miller,d.miller@randatmail.com,Sgurgola,169,99,FALSE,Maschio,1988-07-19,13:15,7 January 2020,Facebook,07/01/2020
Padova,Modelli,Samantha,Murphy,s.murphy@randatmail.com,Conselve,180,,FALSE,Femmina,2000-03-21,13:44,7 January 2020,Facebook,07/01/2020
Pesaro e Urbino,Fotomodelli,Fenton,Cole,f.cole@randatmail.com,Urbino,183,34.2,TRUE,Femmina,2001-04-06,13:48,7 January 2020,Facebook,07/01/2020
Catania,Attori/Attrici,Dale,Foster,d.foster@randatmail.com,Catania,174,55,TRUE,Femmina,2000-10-24,14:19,7 January 2020,Facebook,07/01/2020
Bologna,Fotomodelli,Kelsey,Perkins,k.perkins@randatmail.com,Taranto,175,,FALSE,Femmina,1999-06-13,14:20,7 January 2020,Facebook,07/01/2020
Potenza,Fotomodelli,Owen,Barrett,o.barrett@randatmail.com,Sant'angelo le fratte,163,,TRUE,Femmina,1998-06-06,14:22,7 January 2020,Facebook,07/01/2020
Milano,Attori/Attrici,Chloe,Douglas,c.douglas@randatmail.com,Milano,187,42.4,FALSE,Maschio,1994-04-11,14:32,7 January 2020,Facebook,07/01/2020
Firenze,Fotomodelli,Ryan,Roberts,r.roberts@randatmail.com,Firenze,173,,-,Maschio,1999-06-19,14:44,7 January 2020,Facebook,07/01/2020
Firenze,Attori/Attrici,Heather,Evans,h.evans@randatmail.com,Firenze,172,,FALSE,Maschio,1999-06-19,14:45,7 January 2020,Facebook,07/01/2020
Brescia,Fotomodelli,Madaline,Riley,m.riley@randatmail.com,Alfianello,165,22.3,TRUE,Maschio,2001-02-21,14:45,7 January 2020,Facebook,07/01/2020
Genova,Fotomodelli,Roland,Baker,r.baker@randatmail.com,Genova,169,,FALSE,Maschio,1994-09-28,14:48,7 January 2020,Facebook,07/01/2020
Roma,Modelli,Alexia,Mason,a.mason@randatmail.com,Roma,180,,-,Maschio,1995-06-22,15:04,7 January 2020,Facebook,07/01/2020
Bari,Fotomodelli,Camila,Murray,c.murray@randatmail.com,Bari,183,24,FALSE,Maschio,1988-12-22,15:19,7 January 2020,Facebook,07/01/2020
Genova,Fotomodelli,Kirsten,Perkins,k.perkins@randatmail.com,Genova,174,,FALSE,Femmina,1999-04-25,15:23,7 January 2020,Facebook,07/01/2020
Milano,Attori/Attrici,Belinda,Brown,b.brown@randatmail.com,Senago,175,35,FALSE,Maschio,1995-03-04,16:05,7 January 2020,Facebook,07/01/2020
Padova,Attori/Attrici,Daryl,Mason,d.mason@randatmail.com,Piazzola sul Brenta,163,,TRUE,Femmina,1996-07-21,16:06,7 January 2020,Facebook,07/01/2020
Avellino,Modelli,Rafael,Grant,r.grant@randatmail.com,Montella,187,,TRUE,Femmina,1998-04-22,16:08,7 January 2020,Facebook,07/01/2020
Milano,Modelli,Derek,Edwards,d.edwards@randatmail.com,milano,173,,FALSE,Maschio,1984-09-17,16:31,7 January 2020,Facebook,07/01/2020
Treviso,Attori/Attrici,Roman,Richardson,r.richardson@randatmail.com,Treviso,172,,-,Femmina,1995-11-08,16:34,7 January 2020,Facebook,07/01/2020
Roma,Modelli,Ellia,Morgan,e.morgan@randatmail.com,Anzio,165,,FALSE,Maschio,1996-09-28,16:49,7 January 2020,Facebook,07/01/2020
Macerata,Fotomodelli,Briony,Evans,b.evans@randatmail.com,Corridonia,183,,FALSE,Maschio,1993-10-01,16:56,7 January 2020,Facebook,07/01/2020
Vibo Valentia,Fotomodelli,Nicole,Lloyd,n.lloyd@randatmail.com,Pizzo,174,,FALSE,Maschio,1995-06-25,17:18,7 January 2020,Facebook,07/01/2020
Roma,Modelli,Frederick,Murray,f.murray@randatmail.com,Roma,175,,TRUE,Femmina,1989-04-08,17:19,7 January 2020,Facebook,07/01/2020
Piacenza,Fotomodelli,Alan,Gray,a.gray@randatmail.com,Piacenza,163,55,,Femmina,2000-03-22,17:27,7 January 2020,Facebook,07/01/2020
Salerno,Ballerini,Brianna,Henderson,b.henderson@randatmail.com,Cava de’tirreni,187,48,,Femmina,2002-05-29,17:43,7 January 2020,Facebook,07/01/2020
Taranto,Attori/Attrici,Violet,Clark,v.clark@randatmail.com,Taranto,173,,,Maschio,1995-01-21,18:05,7 January 2020,Facebook,07/01/2020
Modena,Fotomodelli,Brooke,Moore,b.moore@randatmail.com,Mirandola,172,44.8,TRUE,Femmina,2019-09-28,18:13,7 January 2020,Facebook,07/01/2020
Padova,Fotomodelli,Tyler,Wells,t.wells@randatmail.com,Mestrino,165,,FALSE,Maschio,1996-08-27,18:24,7 January 2020,Facebook,07/01/2020
Piacenza,Fotomodelli,Natalie,Jones,n.jones@randatmail.com,piacenza,169,26,-,Femmina,2001-08-18,19:14,7 January 2020,Facebook,07/01/2020
Reggio Nell'Emilia,Fotomodelli,Ada,Edwards,a.edwards@randatmail.com,Reggio Emilia,180,,FALSE,Femmina,2001-02-23,19:17,7 January 2020,Facebook,07/01/2020
Reggio Nell'Emilia,Fotomodelli,Vincent,Crawford,v.crawford@randatmail.com,Reggio Emilia,183,88,TRUE,Femmina,2001-02-23,19:17,7 January 2020,Facebook,07/01/2020
Frosinone,Modelli,Lucas,Riley,l.riley@randatmail.com,Supino,174,,FALSE,Maschio,1999-10-10,19:37,7 January 2020,Facebook,07/01/2020
L'Aquila,Modelli,Dominik,Riley,d.riley@randatmail.com,italy,175,,-,Maschio,1997-08-25,19:44,7 January 2020,Facebook,07/01/2020
Milano,Attori/Attrici,Preston,Myers,p.myers@randatmail.com,Milano,163,73.2,FALSE,Maschio,1994-05-15,19:50,7 January 2020,Facebook,07/01/2020
Torino,Attori/Attrici,Elian,Hill,e.hill@randatmail.com,Piobesi Torinese,187,87.3,FALSE,Femmina,1997-06-08,20:22,7 January 2020,Facebook,07/01/2020
Siena,Modelli,Jared,Moore,j.moore@randatmail.com,Chiusi Scalo,173,90,FALSE,Femmina,2001-04-28,20:29,7 January 2020,Facebook,07/01/2020
Viterbo,Fotomodelli,Ned,Ross,n.ross@randatmail.com,Montefiascone,172,99,TRUE,Maschio,1988-02-09,20:30,7 January 2020,Facebook,07/01/2020
Macerata,Attori/Attrici,Antony,Adams,a.adams@randatmail.com,Potenza picena,165,,TRUE,Maschio,1984-04-08,20:38,7 January 2020,Facebook,07/01/2020
Salerno,Attori/Attrici,Andrew,Carter,a.carter@randatmail.com,Salerno,169,73.2,FALSE,Maschio,1993-03-08,21:03,7 January 2020,Facebook,07/01/2020
Ferrara,Attori/Attrici,Ada,Davis,a.davis@randatmail.com,Ferrara,180,87.3,-,Maschio,2001-09-01,21:46,7 January 2020,Facebook,07/01/2020
Salerno,Fotomodelli,James,Casey,j.casey@randatmail.com,Roccapiemonte,183,24,FALSE,Femmina,1994-04-12,21:49,7 January 2020,Facebook,07/01/2020
Milano,Attori/Attrici,Victor,Perry,v.perry@randatmail.com,Magenta,174,99,FALSE,Maschio,2000-01-31,21:50,7 January 2020,Facebook,07/01/2020
Cosenza,Fotomodelli,Amanda,Crawford,a.crawford@randatmail.com,Cetraro,175,,FALSE,Femmina,1995-05-16,21:52,7 January 2020,Facebook,07/01/2020
Brindisi,Fotomodelli,Maddie,Brooks,m.brooks@randatmail.com,Ceglie Messapica,163,34.2,TRUE,Femmina,1982-12-22,21:56,7 January 2020,Facebook,07/01/2020
Napoli,Modelli,Carina,Barnes,c.barnes@randatmail.com,Poggiomarino,187,55,,Maschio,1992-05-19,22:00,7 January 2020,Facebook,07/01/2020
Napoli,Attori/Attrici,Grace,Cunningham,g.cunningham@randatmail.com,Napoli,173,,,Maschio,2001-05-03,22:02,7 January 2020,Facebook,07/01/2020
Reggio Di Calabria,Modelli,Fiona,Edwards,f.edwards@randatmail.com,Palmi,172,,,Maschio,2003-09-27,22:07,7 January 2020,Facebook,07/01/2020
Avellino,Fotomodelli,Hailey,Roberts,h.roberts@randatmail.com,Solofra,165,42.4,TRUE,Femmina,2000-10-03,22:09,7 January 2020,Facebook,07/01/2020
Bergamo,Fotomodelli,Bruce,Kelley,b.kelley@randatmail.com,Bergamo,169,,FALSE,Femmina,1984-03-19,22:12,7 January 2020,Facebook,07/01/2020
Napoli,Attori/Attrici,Adele,Johnson,a.johnson@randatmail.com,Torre annunziata,180,,-,Maschio,2000-10-09,22:30,7 January 2020,Facebook,07/01/2020
Roma,Fotomodelli,Sydney,Barnes,s.barnes@randatmail.com,Roma,183,22.3,FALSE,Femmina,2001-09-28,22:55,7 January 2020,Facebook,07/01/2020
Roma,Attori/Attrici,Ryan,Ryan,r.ryan@randatmail.com,Velletri,174,,FALSE,Femmina,1999-11-30,22:58,7 January 2020,Facebook,07/01/2020
Parma,Fotomodelli,Camila,Bennett,c.bennett@randatmail.com,Fidenza,183,,FALSE,Maschio,1996-10-29,23:27,7 January 2020,Facebook,07/01/2020
Napoli,Attori/Attrici,Natalie,Parker,n.parker@randatmail.com,Cercola,174,24,TRUE,Maschio,1999-10-11,23:27,7 January 2020,Facebook,07/01/2020
Brindisi,Attori/Attrici,Annabella,Miller,a.miller@randatmail.com,Brindisi,175,,,Femmina,2000-12-01,23:34,7 January 2020,Facebook,07/01/2020
Latina,Fotomodelli,Haris,Dixon,h.dixon@randatmail.com,Terracina,163,35,TRUE,Femmina,1999-07-01,0:09,8 January 2020,Facebook,08/01/2020
Treviso,Fotomodelli,Sienna,Craig,s.craig@randatmail.com,Treviso,187,,FALSE,Femmina,1996-01-23,0:09,8 January 2020,Facebook,08/01/2020
Barletta-Andria-Trani,Fotomodelli,Belinda,Johnson,b.johnson@randatmail.com,Barletta,173,,-,Maschio,1993-10-16,0:17,8 January 2020,Facebook,08/01/2020
Verona,Fotomodelli,Freddie,Harris,f.harris@randatmail.com,Monteforte d’alpone,172,,FALSE,Maschio,1999-02-12,0:18,8 January 2020,Facebook,08/01/2020
Roma,Fotomodelli,Maddie,Crawford,m.crawford@randatmail.com,Roma,165,,FALSE,Maschio,2001-09-30,0:21,8 January 2020,Facebook,08/01/2020
Brindisi,Attori/Attrici,Lana,Taylor,l.taylor@randatmail.com,Cisternino,169,,FALSE,Femmina,1981-11-17,0:24,8 January 2020,Facebook,08/01/2020
Roma,Fotomodelli,Samantha,Watson,s.watson@randatmail.com,Roma,180,,TRUE,Femmina,1990-01-20,0:25,8 January 2020,Facebook,08/01/2020
Roma,Fotomodelli,Amy,Allen,a.allen@randatmail.com,Roma,183,73.2,,Maschio,1996-03-18,0:25,8 January 2020,Facebook,08/01/2020
Bari,Fotomodelli,Robert,Barnes,r.barnes@randatmail.com,Monopoli,174,87.3,,Femmina,1981-08-07,0:29,8 January 2020,Facebook,08/01/2020
Foggia,Fotomodelli,Deanna,Spencer,d.spencer@randatmail.com,Cerignola,175,90,,Femmina,1997-03-09,0:31,8 January 2020,Facebook,08/01/2020
Roma,Attori/Attrici,Lucia,Harper,l.harper@randatmail.com,Roma,163,99,,Maschio,1999-01-07,0:39,8 January 2020,Facebook,08/01/2020
Savona,Fotomodelli,Evelyn,Foster,e.foster@randatmail.com,Savona,187,,,Maschio,1999-02-01,0:53,8 January 2020,Facebook,08/01/2020
Verbano-Cusio-Ossola,Attori/Attrici,Edwin,Davis,e.davis@randatmail.com,Verbania,173,73.2,,Femmina,1997-01-20,1:29,8 January 2020,Facebook,08/01/2020
Alessandria,Attori/Attrici,Patrick,Harrison,p.harrison@randatmail.com,Alessandria,172,87.3,,Maschio,1990-11-24,1:32,8 January 2020,Facebook,08/01/2020
Brindisi,Fotomodelli,Charlie,Allen,c.allen@randatmail.com,Cisternino,165,24,,Maschio,1993-06-23,1:47,8 January 2020,Facebook,08/01/2020
Genova,Cantanti,Kristian,Moore,k.moore@randatmail.com,Genova,169,99,,Maschio,1988-08-03,1:56,8 January 2020,Facebook,08/01/2020
Genova,Modelli,Freddie,Grant,f.grant@randatmail.com,Campo ligure,180,,,Femmina,2000-01-16,2:01,8 January 2020,Facebook,08/01/2020
Como,Fotomodelli,Garry,Thompson,g.thompson@randatmail.com,Lurago d’erba,183,34.2,,Maschio,1998-03-08,2:03,8 January 2020,Facebook,08/01/2020
Taranto,Attori/Attrici,Belinda,Spencer,b.spencer@randatmail.com,Palagianello,174,55,,Maschio,1994-03-09,2:34,8 January 2020,Facebook,08/01/2020
Napoli,Modelli,Frederick,Thomas,f.thomas@randatmail.com,Napoli,175,,,Femmina,1999-07-06,3:24,8 January 2020,Facebook,08/01/2020
Vicenza,Modelli,Mary,Harper,m.harper@randatmail.com,Torrebelvicino,163,,,Maschio,1997-08-28,4:15,8 January 2020,Facebook,08/01/2020
Caserta,Attori/Attrici,Frederick,Crawford,f.crawford@randatmail.com,Casal di Principe,187,42.4,,Maschio,2000-03-26,4:33,8 January 2020,Facebook,08/01/2020
Taranto,Fotomodelli,Victoria,Cole,v.cole@randatmail.com,Taranto,173,,,Maschio,1985-05-23,4:55,8 January 2020,Facebook,08/01/2020
Napoli,Attori/Attrici,Arnold,Montgomery,a.montgomery@randatmail.com,Pozzuoli,172,,,Maschio,1998-09-25,6:41,8 January 2020,Facebook,08/01/2020
Napoli,Fotomodelli,Spike,Hawkins,s.hawkins@randatmail.com,Napoli,165,22.3,,Maschio,1998-09-25,6:43,8 January 2020,Facebook,08/01/2020
Milano,Fotomodelli,Fiona,Bailey,f.bailey@randatmail.com,Gessate,169,,,Maschio,1985-07-01,6:52,8 January 2020,Facebook,08/01/2020
Ravenna,Attori/Attrici,Lucia,Payne,l.payne@randatmail.com,Mezzano,180,,,Maschio,1999-12-07,7:45,8 January 2020,Facebook,08/01/2020
Reggio Nell'Emilia,Fotomodelli,Ryan,Taylor,r.taylor@randatmail.com,Novellara,183,24,TRUE,Maschio,1999-12-05,8:04,8 January 2020,Facebook,08/01/2020
Lecce,Fotomodelli,Maximilian,Evans,m.evans@randatmail.com,Presicce,183,,FALSE,Maschio,1988-11-03,8:36,8 January 2020,Facebook,08/01/2020
Cosenza,Fotomodelli,Sawyer,Edwards,s.edwards@randatmail.com,Cosenza,174,35,-,Maschio,1993-04-08,8:36,8 January 2020,Facebook,08/01/2020
Pisa,Fotomodelli,Alan,Fowler,a.fowler@randatmail.com,Santa Croce sull’Arno,175,,FALSE,Maschio,1991-04-04,9:00,8 January 2020,Facebook,08/01/2020
Biella,Fotomodelli,Blake,Ferguson,b.ferguson@randatmail.com,Cossato,163,73.2,TRUE,Femmina,1999-06-28,9:13,8 January 2020,Facebook,08/01/2020
Roma,Fotomodelli,Alexia,Myers,a.myers@randatmail.com,Roma,187,87.3,FALSE,Maschio,2003-01-28,9:13,8 January 2020,Facebook,08/01/2020
Roma,Fotomodelli,William,Craig,w.craig@randatmail.com,Roma,173,90,-,Maschio,2003-01-28,9:13,8 January 2020,Facebook,08/01/2020
Chieti,Attori/Attrici,Lily,Hawkins,l.hawkins@randatmail.com,Guardiagrele,172,99,FALSE,Maschio,1985-03-03,9:17,8 January 2020,Facebook,08/01/2020
Forli,Attori/Attrici,Adele,Edwards,a.edwards@randatmail.com,Gatteo a mare,165,,FALSE,Maschio,1998-08-07,9:29,8 January 2020,Facebook,08/01/2020
Roma,Modelli,Charlotte,Myers,c.myers@randatmail.com,Roma,169,73.2,FALSE,Maschio,1992-02-27,9:34,8 January 2020,Facebook,08/01/2020
Barletta-Andria-Trani,Fotomodelli,Andrew,Sullivan,a.sullivan@randatmail.com,Trani,180,87.3,TRUE,Maschio,1995-04-10,9:43,8 January 2020,Facebook,08/01/2020
Viterbo,Modelli,Alfred,Rogers,a.rogers@randatmail.com,Tarquinia,183,24,TRUE,Maschio,1997-08-24,10:16,8 January 2020,Facebook,08/01/2020
Pordenone,Attori/Attrici,Amber,Thomas,a.thomas@randatmail.com,Fontanafredda,174,99,FALSE,Maschio,1998-04-06,10:24,8 January 2020,Facebook,08/01/2020
Arezzo,Fotomodelli,Catherine,Casey,c.casey@randatmail.com,Arezzo,175,,-,Femmina,2000-02-04,10:25,8 January 2020,Facebook,08/01/2020
Ancona,Fotomodelli,Roland,Hunt,r.hunt@randatmail.com,Morro d’Alba,163,34.2,FALSE,Maschio,1997-03-23,10:43,8 January 2020,Facebook,08/01/2020
Foggia,Fotomodelli,Walter,Harris,w.harris@randatmail.com,Lucera FG,187,55,FALSE,Maschio,1996-02-29,10:47,8 January 2020,Facebook,08/01/2020
Bari,Fotomodelli,Adelaide,Douglas,a.douglas@randatmail.com,Terlizzi,173,,FALSE,Maschio,1996-06-27,11:12,8 January 2020,Facebook,08/01/2020
Como,Attori/Attrici,Joyce,Stevens,j.stevens@randatmail.com,Como,172,,TRUE,Maschio,1999-04-27,11:24,8 January 2020,Facebook,08/01/2020
Firenze,Fotomodelli,George,Warren,g.warren@randatmail.com,Firenze,165,42.4,,Maschio,1998-04-23,11:30,8 January 2020,Facebook,08/01/2020
Firenze,Fotomodelli,Nicole,Ferguson,n.ferguson@randatmail.com,Firenze,169,,,Maschio,1998-04-23,11:30,8 January 2020,Facebook,08/01/2020
Firenze,Fotomodelli,Vincent,Thomas,v.thomas@randatmail.com,Firenze,180,,,Maschio,1998-04-23,11:30,8 January 2020,Facebook,08/01/2020
Napoli,Attori/Attrici,Tara,Foster,t.foster@randatmail.com,Napoli,183,22.3,TRUE,Maschio,1996-10-02,11:30,8 January 2020,Facebook,08/01/2020
Reggio Nell'Emilia,Fotomodelli,Lenny,Turner,l.turner@randatmail.com,Reggio Emilia,174,,FALSE,Maschio,2000-04-04,11:39,8 January 2020,Facebook,08/01/2020
Monza e Brianza,Fotomodelli,Leonardo,Richards,l.richards@randatmail.com,Ceriano Laghetto,175,,-,Maschio,1995-05-10,12:05,8 January 2020,Facebook,08/01/2020
Torino,Modelli,Rubie,Lloyd,r.lloyd@randatmail.com,Torino,163,24,FALSE,Femmina,1995-05-14,12:18,8 January 2020,Facebook,08/01/2020
Napoli,Fotomodelli,Ryan,West,r.west@randatmail.com,Saviano,187,,FALSE,Maschio,1997-04-11,12:21,8 January 2020,Facebook,08/01/2020
Bari,Fotomodelli,Julian,Evans,j.evans@randatmail.com,Gravina in Puglia,173,35,FALSE,Femmina,1996-04-29,12:24,8 January 2020,Facebook,08/01/2020
Salerno,Modelli,Dainton,Thompson,d.thompson@randatmail.com,Salerno,172,,TRUE,Maschio,1992-05-09,12:28,8 January 2020,Facebook,08/01/2020
Torino,Fotomodelli,Freddie,Turner,f.turner@randatmail.com,Torino,165,,,Femmina,1998-02-13,12:46,8 January 2020,Facebook,08/01/2020
Torino,Fotomodelli,Tyler,Barrett,t.barrett@randatmail.com,Torino,169,,,Femmina,1998-02-13,12:46,8 January 2020,Facebook,08/01/2020
Bari,Attori/Attrici,Spike,Jones,s.jones@randatmail.com,Modugno,180,,,Maschio,1988-06-03,12:49,8 January 2020,Facebook,08/01/2020
Taranto,Modelli,Vivian,Mason,v.mason@randatmail.com,Mottola,183,,,Femmina,2020-04-20,13:27,8 January 2020,Facebook,08/01/2020
Taranto,Modelli,Dainton,Clark,d.clark@randatmail.com,Mottola,174,,TRUE,Femmina,2020-04-20,13:27,8 January 2020,Facebook,08/01/2020
Taranto,Modelli,Abigail,Moore,a.moore@randatmail.com,Mottola,175,,FALSE,Femmina,2001-04-20,13:27,8 January 2020,Facebook,08/01/2020
Milano,Fotomodelli,Florrie,Moore,f.moore@randatmail.com,Sesto san giovanni,163,,-,Maschio,1995-12-29,13:34,8 January 2020,Facebook,08/01/2020
Genova,Fotomodelli,Jordan,Dixon,j.dixon@randatmail.com,Genova,187,55,FALSE,Maschio,1997-06-28,14:01,8 January 2020,Facebook,08/01/2020
Torino,Fotomodelli,Alissa,Howard,a.howard@randatmail.com,Torino,183,48,TRUE,Maschio,1984-09-22,14:02,8 January 2020,Facebook,08/01/2020
Caserta,Attori/Attrici,Spike,Casey,s.casey@randatmail.com,Napoli,174,,FALSE,Maschio,2001-05-26,14:05,8 January 2020,Facebook,08/01/2020
Pisa,Fotomodelli,Max,Jones,m.jones@randatmail.com,Pisa,175,44.8,-,Maschio,2001-02-17,14:40,8 January 2020,Facebook,08/01/2020
Torino,Fotomodelli,Rosie,Mitchell,r.mitchell@randatmail.com,Osasco,163,,FALSE,Femmina,1999-04-30,14:40,8 January 2020,Facebook,08/01/2020
Firenze,Modelli,Myra,Hawkins,m.hawkins@randatmail.com,Scarperia,187,26,FALSE,Maschio,2001-01-29,14:41,8 January 2020,Facebook,08/01/2020
Trento,Modelli,Leonardo,Armstrong,l.armstrong@randatmail.com,Cavedine,173,,FALSE,Femmina,1998-05-21,14:52,8 January 2020,Facebook,08/01/2020
Milano,Attori/Attrici,Bruce,Morrison,b.morrison@randatmail.com,Milano,172,88,TRUE,Femmina,1999-03-10,14:53,8 January 2020,Facebook,08/01/2020
Latina,Fotomodelli,Richard,Thompson,r.thompson@randatmail.com,Borgo Montello,165,,TRUE,Maschio,1996-04-25,14:58,8 January 2020,Facebook,08/01/2020
Roma,Fotomodelli,Naomi,Davis,n.davis@randatmail.com,Roma,169,,FALSE,Femmina,1996-01-14,15:01,8 January 2020,Facebook,08/01/2020
Chieti,Fotomodelli,Lyndon,Barnes,l.barnes@randatmail.com,Atessa,180,,-,Femmina,1999-08-19,15:08,8 January 2020,Facebook,08/01/2020
Frosinone,Attori/Attrici,Penelope,Lloyd,p.lloyd@randatmail.com,Anagni,183,,FALSE,Maschio,1997-02-19,15:18,8 January 2020,Facebook,08/01/2020
Torino,Attori/Attrici,Tyler,Ferguson,t.ferguson@randatmail.com,Torino,174,,FALSE,Femmina,1996-08-04,15:40,8 January 2020,Facebook,08/01/2020
Taranto,Fotomodelli,Jacob,Allen,j.allen@randatmail.com,Statte,175,74,FALSE,Femmina,2003-03-09,15:48,8 January 2020,Facebook,08/01/2020
Cosenza,Cantanti,Tess,Johnston,t.johnston@randatmail.com,Cosenza,163,,TRUE,Femmina,2000-12-13,15:59,8 January 2020,Facebook,08/01/2020
Pisa,Attori/Attrici,Lucia,Grant,l.grant@randatmail.com,Pisa,187,,,Femmina,2001-03-23,16:01,8 January 2020,Facebook,08/01/2020
Brescia,Fotomodelli,Ryan,Warren,r.warren@randatmail.com,Rodengo Saiano,173,,,Femmina,1998-01-06,16:31,8 January 2020,Facebook,08/01/2020
Roma,Fotomodelli,Myra,Smith,m.smith@randatmail.com,Roma,172,,,Maschio,1997-11-11,16:39,8 January 2020,Facebook,08/01/2020
Rieti,Attori/Attrici,Michelle,Wilson,m.wilson@randatmail.com,Rieti,165,97.9,TRUE,Maschio,1984-01-11,16:49,8 January 2020,Facebook,08/01/2020
Roma,Attori/Attrici,Wilson,Crawford,w.crawford@randatmail.com,Montelanico,169,22.12,FALSE,Maschio,2001-06-04,16:52,8 January 2020,Facebook,08/01/2020
Macerata,Fotomodelli,Jenna,Morris,j.morris@randatmail.com,Gualdo,180,,-,Femmina,2000-01-02,17:02,8 January 2020,Facebook,08/01/2020
Lucca,Fotomodelli,Daniel,Walker,d.walker@randatmail.com,Viareggio,183,,FALSE,Maschio,1999-02-02,17:03,8 January 2020,Facebook,08/01/2020
Salerno,Fotomodelli,Aida,Gibson,a.gibson@randatmail.com,Scafati,174,73.2,FALSE,Maschio,1998-11-15,17:17,8 January 2020,Facebook,08/01/2020
Savona,Fotomodelli,Albert,Cunningham,a.cunningham@randatmail.com,Savona,175,87.3,FALSE,Maschio,1995-01-25,17:42,8 January 2020,Facebook,08/01/2020
Ferrara,Fotomodelli,Darcy,Montgomery,d.montgomery@randatmail.com,Ferrara,163,90,TRUE,Femmina,1999-07-13,17:46,8 January 2020,Facebook,08/01/2020
Vicenza,Fotomodelli,Kelsey,Howard,k.howard@randatmail.com,Vicenza,187,99,FALSE,Femmina,1998-02-04,19:26,8 January 2020,Facebook,08/01/2020
Treviso,Attori/Attrici,Alissa,Stevens,a.stevens@randatmail.com,Asolo,173,,-,Maschio,1997-12-18,19:39,8 January 2020,Facebook,08/01/2020
Udine,Attori/Attrici,Joyce,Wilson,j.wilson@randatmail.com,San Daniele Del Friuli,172,73.2,FALSE,Maschio,1991-04-14,20:10,8 January 2020,Facebook,08/01/2020
Roma,Modelli,Wilson,Bennett,w.bennett@randatmail.com,Marino,165,87.3,FALSE,Femmina,1996-08-27,20:28,8 January 2020,Facebook,08/01/2020
Napoli,Modelli,Sam,Hill,s.hill@randatmail.com,Napoli,169,24,FALSE,Femmina,1990-08-03,21:43,8 January 2020,Facebook,08/01/2020
Milano,Cantanti,Adelaide,Phillips,a.phillips@randatmail.com,Colturano,180,99,TRUE,Femmina,2002-06-20,21:45,8 January 2020,Facebook,08/01/2020
Napoli,Fotomodelli,Brianna,Watson,b.watson@randatmail.com,Casalnuovo di Napoli,183,,,Maschio,2000-02-27,22:03,8 January 2020,Facebook,08/01/2020
Napoli,Fotomodelli,Chloe,Cunningham,c.cunningham@randatmail.com,Frattaminore,174,34.2,,Maschio,1999-10-26,22:28,8 January 2020,Facebook,08/01/2020
Benevento,Modelli,Mike,Mitchell,m.mitchell@randatmail.com,San Giorgio del Sannio,175,55,,Femmina,1994-10-21,22:52,8 January 2020,Facebook,08/01/2020
Roma,Fotomodelli,Adrian,Cooper,a.cooper@randatmail.com,Taranto,163,,TRUE,Maschio,1987-11-23,22:56,8 January 2020,Facebook,08/01/2020
Bologna,Fotomodelli,Rosie,Perry,r.perry@randatmail.com,Imola,187,,FALSE,Femmina,2001-08-04,22:58,8 January 2020,Facebook,08/01/2020
Bologna,Fotomodelli,Sienna,Murray,s.murray@randatmail.com,Imola,173,42.4,-,Femmina,2001-08-04,22:58,8 January 2020,Facebook,08/01/2020
Cuneo,Modelli,Tyler,Clark,t.clark@randatmail.com,Bra,172,,FALSE,Femmina,2000-11-10,23:55,8 January 2020,Facebook,08/01/2020
Como,Modelli,Kelsey,Miller,k.miller@randatmail.com,Capiago Intimiano,183,,FALSE,Femmina,2000-05-09,0:05,9 January 2020,Facebook,09/01/2020
Potenza,Fotomodelli,Abigail,Payne,a.payne@randatmail.com,Potenza,174,22.3,FALSE,Maschio,2003-04-22,0:10,9 January 2020,Facebook,09/01/2020
Napoli,Attori/Attrici,Blake,Thompson,b.thompson@randatmail.com,Napoli,175,,TRUE,Maschio,1994-08-23,0:16,9 January 2020,Facebook,09/01/2020
Torino,Fotomodelli,Natalie,Lloyd,n.lloyd@randatmail.com,Carmagnola,163,,,Femmina,2001-04-30,0:20,9 January 2020,Facebook,09/01/2020
Pesaro e Urbino,Modelli,Kimberly,Johnson,k.johnson@randatmail.com,Pesaro,187,24,,Maschio,1994-11-14,0:24,9 January 2020,Facebook,09/01/2020
Massa-Carrara,Fotomodelli,Albert,Carroll,a.carroll@randatmail.com,Carrara,173,,TRUE,Femmina,1992-01-02,0:30,9 January 2020,Facebook,09/01/2020
Napoli,Fotomodelli,Alfred,Perry,a.perry@randatmail.com,San Gennaro Vesuviano,172,73.2,FALSE,Femmina,2020-02-20,0:34,9 January 2020,Facebook,09/01/2020
Torino,Fotomodelli,Alina,Morgan,a.morgan@randatmail.com,Banchette,165,87.3,-,Femmina,1997-07-20,0:37,9 January 2020,Facebook,09/01/2020
Bergamo,Attori/Attrici,Kelsey,Wilson,k.wilson@randatmail.com,Bergamo,169,90,FALSE,Maschio,1999-09-23,0:48,9 January 2020,Facebook,09/01/2020
Barletta-Andria-Trani,Fotomodelli,Julian,Hill,j.hill@randatmail.com,Bisceglie,180,99,TRUE,Femmina,1998-06-23,1:21,9 January 2020,Facebook,09/01/2020
Milano,Attori/Attrici,Ryan,Elliott,r.elliott@randatmail.com,Milano,183,,FALSE,Femmina,1978-03-13,1:22,9 January 2020,Facebook,09/01/2020
Monza e Brianza,Fotomodelli,Eric,Howard,e.howard@randatmail.com,Meda,174,73.2,-,Maschio,1999-04-19,1:32,9 January 2020,Facebook,09/01/2020
Teramo,Fotomodelli,Victor,Barnes,v.barnes@randatmail.com,Atri,175,87.3,FALSE,Femmina,1998-07-17,1:45,9 January 2020,Facebook,09/01/2020
Salerno,Fotomodelli,Nicole,Dixon,n.dixon@randatmail.com,Cava de tirreni,163,24,FALSE,Maschio,1983-11-23,1:51,9 January 2020,Facebook,09/01/2020
Matera,Fotomodelli,Connie,Henderson,c.henderson@randatmail.com,Matera,187,99,FALSE,Femmina, ,1:51,9 January 2020,Facebook,09/01/2020
Bologna,Fotomodelli,Tess,Perkins,t.perkins@randatmail.com,Crespellano,173,,TRUE,Femmina,1992-04-15,1:56,9 January 2020,Facebook,09/01/2020
Napoli,Attori/Attrici,Julia,Casey,j.casey@randatmail.com,Napoli,172,34.2,TRUE,Maschio,1992-01-11,2:03,9 January 2020,Facebook,09/01/2020
Roma,Fotomodelli,Elise,Perkins,e.perkins@randatmail.com,Roma,165,55,FALSE,Femmina,1996-06-06,2:05,9 January 2020,Facebook,09/01/2020
Roma,Attori/Attrici,Oscar,Thompson,o.thompson@randatmail.com,Roma,169,,-,Maschio,1985-02-03,2:12,9 January 2020,Facebook,09/01/2020
Ancona,Modelli,Agata,Spencer,a.spencer@randatmail.com,Ancona,180,,FALSE,Maschio,1996-05-31,2:25,9 January 2020,Facebook,09/01/2020
Milano,Fotomodelli,Alisa,Douglas,a.douglas@randatmail.com,Milano,183,42.4,FALSE,Femmina,1997-02-07,2:52,9 January 2020,Facebook,09/01/2020
Milano,Fotomodelli,Naomi,Owens,n.owens@randatmail.com,Milano,174,,FALSE,Femmina,1997-02-07,2:52,9 January 2020,Facebook,09/01/2020
Cuneo,Modelli,Freddie,Johnson,f.johnson@randatmail.com,Roccaforte mondovi,175,,TRUE,Femmina,2001-09-04,4:10,9 January 2020,Facebook,09/01/2020
Torino,Modelli,Ada,Thompson,a.thompson@randatmail.com,Torino,163,22.3,,Maschio,1997-11-01,7:12,9 January 2020,Facebook,09/01/2020
Torino,Fotomodelli,Kimberly,Armstrong,k.armstrong@randatmail.com,Chivasso,187,,,Maschio,2001-07-20,7:23,9 January 2020,Facebook,09/01/2020
Bologna,Fotomodelli,Lana,Perkins,l.perkins@randatmail.com,Bologna,173,,,Maschio,2000-02-13,8:26,9 January 2020,Facebook,09/01/2020
Milano,Modelli,Nicholas,Spencer,n.spencer@randatmail.com,Milano,172,24,TRUE,Maschio,1999-11-17,9:10,9 January 2020,Facebook,09/01/2020
Bari,Fotomodelli,Abigail,Evans,a.evans@randatmail.com,triggiano,165,,FALSE,Maschio,1997-09-10,9:42,9 January 2020,Facebook,09/01/2020
Bari,Fotomodelli,Maria,Hawkins,m.hawkins@randatmail.com,torre a mare,169,35,-,Femmina,2000-06-09,9:43,9 January 2020,Facebook,09/01/2020
Caserta,Modelli,Wilson,Gibson,w.gibson@randatmail.com,Caiazzo,180,,FALSE,Femmina,1991-11-03,9:43,9 January 2020,Facebook,09/01/2020
Torino,Fotomodelli,Frederick,Reed,f.reed@randatmail.com,Torino,183,,TRUE,Maschio,1999-05-26,9:52,9 January 2020,Facebook,09/01/2020
Torino,Fotomodelli,Vincent,Morris,v.morris@randatmail.com,Torino,174,,FALSE,Maschio,1999-05-26,9:52,9 January 2020,Facebook,09/01/2020
Barletta-Andria-Trani,Modelli,Brooke,Morrison,b.morrison@randatmail.com,Trinitapoli,175,,-,Femmina,1994-08-14,10:01,9 January 2020,Facebook,09/01/2020
Taranto,Attori/Attrici,Michael,Thomas,m.thomas@randatmail.com,Martina franca,163,,FALSE,Maschio,1991-07-24,10:02,9 January 2020,Facebook,09/01/2020
Ancona,Fotomodelli,Valeria,Cooper,v.cooper@randatmail.com,Ancona,187,,TRUE,Femmina,1999-04-10,10:08,9 January 2020,Facebook,09/01/2020
Viterbo,Attori/Attrici,Emma,Andrews,e.andrews@randatmail.com,Bomarzo,183,,FALSE,Maschio,1990-06-12,10:10,9 January 2020,Facebook,09/01/2020
Lodi,Fotomodelli,Alexia,Carroll,a.carroll@randatmail.com,Lodi,174,,-,Femmina,1997-02-13,10:18,9 January 2020,Facebook,09/01/2020
Caserta,Fotomodelli,Natalie,Edwards,n.edwards@randatmail.com,Vitulazio,175,55,FALSE,Maschio,1984-12-23,10:24,9 January 2020,Facebook,09/01/2020
Padova,Modelli,Daisy,Spencer,d.spencer@randatmail.com,Padova,163,48,FALSE,Maschio,1991-01-07,10:27,9 January 2020,Facebook,09/01/2020
Milano,Modelli,Mary,Scott,m.scott@randatmail.com,Milano,187,,FALSE,Maschio,1990-01-20,10:32,9 January 2020,Facebook,09/01/2020
Viterbo,Fotomodelli,Daniel,Martin,d.martin@randatmail.com,Canino,173,44.8,TRUE,Femmina,1990-03-01,10:33,9 January 2020,Facebook,09/01/2020
Napoli,Attori/Attrici,Cadie,Howard,c.howard@randatmail.com,Napoli,172,,TRUE,Femmina,1984-07-01,10:40,9 January 2020,Facebook,09/01/2020
Lecce,Fotomodelli,Camila,Stewart,c.stewart@randatmail.com,Squinzano,165,26,FALSE,Maschio,1989-01-03,10:53,9 January 2020,Facebook,09/01/2020
Reggio Nell'Emilia,Fotomodelli,Julia,Wells,j.wells@randatmail.com,Campagnola Emilia,169,,-,Maschio,1999-07-29,11:07,9 January 2020,Facebook,09/01/2020
Teramo,Attori/Attrici,Roman,Howard,r.howard@randatmail.com,Teramo,180,88,FALSE,Maschio,1982-06-20,11:14,9 January 2020,Facebook,09/01/2020
Catanzaro,Ballerini,Sawyer,Cunningham,s.cunningham@randatmail.com,Catanzaro,183,,FALSE,Femmina,2000-04-12,11:18,9 January 2020,Facebook,09/01/2020
Napoli,Modelli,Max,Higgins,m.higgins@randatmail.com,Napoli,174,,FALSE,Maschio,1991-04-13,11:43,9 January 2020,Facebook,09/01/2020
Napoli,Modelli,Edward,Ellis,e.ellis@randatmail.com,Napoli,175,,TRUE,Maschio,1990-04-13,11:43,9 January 2020,Facebook,09/01/2020
Roma,Fotomodelli,Isabella,Hawkins,i.hawkins@randatmail.com,Roma,163,,,Maschio,1981-02-17,11:44,9 January 2020,Facebook,09/01/2020
Torino,Fotomodelli,Miranda,Perry,m.perry@randatmail.com,Rosta,187,,,Femmina,2000-04-10,11:53,9 January 2020,Facebook,09/01/2020
Napoli,Fotomodelli,Ada,Brooks,a.brooks@randatmail.com,Nola,173,74,,Femmina,1992-01-30,12:22,9 January 2020,Facebook,09/01/2020
Firenze,Fotomodelli,Hailey,Gray,h.gray@randatmail.com,Fi,172,,TRUE,Femmina,2000-03-17,12:30,9 January 2020,Facebook,09/01/2020
Bologna,Fotomodelli,Garry,Wells,g.wells@randatmail.com,Bologna,165,,FALSE,Femmina,1986-10-21,12:43,9 January 2020,Facebook,09/01/2020
Caserta,Fotomodelli,Ryan,Hill,r.hill@randatmail.com,MARCIANISE,169,,-,Maschio,1995-02-28,12:58,9 January 2020,Facebook,09/01/2020
Foggia,Modelli,Alexander,Wilson,a.wilson@randatmail.com,Foggia,180,,FALSE,Femmina,1999-08-27,12:58,9 January 2020,Facebook,09/01/2020
Napoli,Modelli,Sawyer,Reed,s.reed@randatmail.com,Napoli,183,97.9,FALSE,Maschio,1997-04-04,13:11,9 January 2020,Facebook,09/01/2020
Torino,Attori/Attrici,Sophia,Williams,s.williams@randatmail.com,Ciriè,174,22.12,FALSE,Femmina,1999-05-24,13:23,9 January 2020,Facebook,09/01/2020
Grosseto,Attori/Attrici,Frederick,Reed,f.reed@randatmail.com,Massa Marittima,175,73.2,TRUE,Femmina,1999-06-12,13:30,9 January 2020,Facebook,09/01/2020
Monza e Brianza,Fotomodelli,Audrey,Mason,a.mason@randatmail.com,Villasanta,163,87.3,FALSE,Femmina,1999-11-15,13:31,9 January 2020,Facebook,09/01/2020
Pisa,Fotomodelli,Miranda,Chapman,m.chapman@randatmail.com,Soiana,187,90,-,Femmina,1997-03-12,13:32,9 January 2020,Facebook,09/01/2020
Cremona,Fotomodelli,Adrianna,Murray,a.murray@randatmail.com,Crema,173,99,FALSE,Maschio,1996-05-31,13:52,9 January 2020,Facebook,09/01/2020
Roma,Modelli,Amber,Wright,a.wright@randatmail.com,Ladispoli,172,,TRUE,Femmina,2000-10-23,13:53,9 January 2020,Facebook,09/01/2020
Brindisi,Fotomodelli,Alexander,West,a.west@randatmail.com,Francavilla Fontana,165,73.2,FALSE,Maschio,2001-07-02,13:54,9 January 2020,Facebook,09/01/2020
Brindisi,Fotomodelli,Rosie,Johnston,r.johnston@randatmail.com,Francavilla Fontana,169,87.3,-,Maschio,2001-07-02,13:54,9 January 2020,Facebook,09/01/2020
Rimini,Fotomodelli,Haris,Davis,h.davis@randatmail.com,San Mauro Pascoli,180,24,FALSE,Maschio,2020-02-01,13:57,9 January 2020,Facebook,09/01/2020
Roma,Fotomodelli,Abraham,Evans,a.evans@randatmail.com,Santa Maria delle mole,183,99,FALSE,Femmina,1998-12-20,13:59,9 January 2020,Facebook,09/01/2020
Lecce,Fotomodelli,Michelle,Robinson,m.robinson@randatmail.com,Lecce,174,,FALSE,Maschio,1992-04-22,14:09,9 January 2020,Facebook,09/01/2020
Lecce,Fotomodelli,Kimberly,Dixon,k.dixon@randatmail.com,Lecce,175,34.2,TRUE,Femmina,1996-06-15,14:16,9 January 2020,Facebook,09/01/2020
Modena,Fotomodelli,Wilson,Anderson,w.anderson@randatmail.com,Castelfranco Emilia,163,55,TRUE,Femmina,1989-08-20,14:41,9 January 2020,Facebook,09/01/2020
Lodi,Cantanti,Antony,Clark,a.clark@randatmail.com,Sant'Angelo Lodigiano,187,,FALSE,Maschio,1998-12-12,14:41,9 January 2020,Facebook,09/01/2020
Latina,Ballerini,Lily,Andrews,l.andrews@randatmail.com,Latina,173,,-,Femmina,2002-03-15,14:43,9 January 2020,Facebook,09/01/2020
Cosenza,Modelli,Samantha,Scott,s.scott@randatmail.com,Paola,172,42.4,FALSE,Femmina,1996-05-02,14:53,9 January 2020,Facebook,09/01/2020
Pistoia,Fotomodelli,Vanessa,Montgomery,v.montgomery@randatmail.com,Pieve a Nievole,165,,FALSE,Maschio,2001-01-20,14:59,9 January 2020,Facebook,09/01/2020
Torino,Fotomodelli,Samantha,Adams,s.adams@randatmail.com,Banchette,169,,FALSE,Femmina,1997-07-20,15:10,9 January 2020,Facebook,09/01/2020
Macerata,Fotomodelli,Adele,Hawkins,a.hawkins@randatmail.com,Appignano,180,22.3,TRUE,Femmina,2000-08-21,15:10,9 January 2020,Facebook,09/01/2020
Grosseto,Modelli,Jordan,Reed,j.reed@randatmail.com,Grosseto,165,,,Femmina,1996-08-22,15:11,9 January 2020,Facebook,09/01/2020
Torino,Modelli,Maddie,Wells,m.wells@randatmail.com,Torino,169,,,Femmina,1997-03-06,15:13,9 January 2020,Facebook,09/01/2020
Roma,Ballerini,Robert,Ryan,r.ryan@randatmail.com,Roma,180,24,TRUE,Maschio,1995-04-05,15:20,9 January 2020,Facebook,09/01/2020
Napoli,Fotomodelli,Michael,Sullivan,m.sullivan@randatmail.com,Napoli,183,,FALSE,Maschio,1988-01-04,15:35,9 January 2020,Facebook,09/01/2020
Barletta-Andria-Trani,Fotomodelli,Daisy,Holmes,d.holmes@randatmail.com,San Ferdinando,174,35,-,Maschio,1991-03-24,16:24,9 January 2020,Facebook,09/01/2020
Bari,Attori/Attrici,Reid,Dixon,r.dixon@randatmail.com,Bitonto,175,,FALSE,Maschio,1991-10-08,16:26,9 January 2020,Facebook,09/01/2020
Napoli,Attori/Attrici,Alen,Jones,a.jones@randatmail.com,napoli,163,,TRUE,Femmina,2004-01-04,16:27,9 January 2020,Facebook,09/01/2020
Napoli,Attori/Attrici,Paige,Ferguson,p.ferguson@randatmail.com,napoli,187,,FALSE,Femmina,2004-01-04,16:27,9 January 2020,Facebook,09/01/2020
Roma,Fotomodelli,Dexter,Harper,d.harper@randatmail.com,Roma,173,,-,Femmina,1998-03-06,16:28,9 January 2020,Facebook,09/01/2020
Grosseto,Fotomodelli,Maria,Brooks,m.brooks@randatmail.com,Grosseto,172,,FALSE,Femmina,1998-03-09,16:28,9 January 2020,Facebook,09/01/2020
Roma,Modelli,Jenna,Scott,j.scott@randatmail.com,Roma,165,,FALSE,Femmina,1999-08-08,16:29,9 January 2020,Facebook,09/01/2020
Cosenza,Modelli,Jessica,Jones,j.jones@randatmail.com,Rossano,169,,FALSE,Maschio,2000-04-29,16:49,9 January 2020,Facebook,09/01/2020
Milano,Attori/Attrici,Carl,Owens,c.owens@randatmail.com,Canegrate,180,,TRUE,Femmina,1999-12-18,17:07,9 January 2020,Facebook,09/01/2020
Torino,Modelli,Hailey,Miller,h.miller@randatmail.com,Torino,183,55,TRUE,Maschio,1997-09-06,17:25,9 January 2020,Facebook,09/01/2020
Torino,Modelli,Richard,Morris,r.morris@randatmail.com,Torino,174,48,FALSE,Maschio,1997-09-06,17:25,9 January 2020,Facebook,09/01/2020
Bari,Modelli,Amber,Thomas,a.thomas@randatmail.com,Bari,175,,-,Maschio,1991-08-08,17:33,9 January 2020,Facebook,09/01/2020
Roma,Fotomodelli,Melissa,Edwards,m.edwards@randatmail.com,Roma,183,44.8,FALSE,Femmina,2001-01-01,17:45,9 January 2020,Facebook,09/01/2020
Napoli,Modelli,Arnold,Thompson,a.thompson@randatmail.com,Napoli,174,,FALSE,Maschio,1987-02-10,17:47,9 January 2020,Facebook,09/01/2020
Foggia,Attori/Attrici,Chester,Hall,c.hall@randatmail.com,Foggia,175,26,FALSE,Femmina,2000-01-22,17:47,9 January 2020,Facebook,09/01/2020
Bergamo,Fotomodelli,Lilianna,Phillips,l.phillips@randatmail.com,Bergamo,163,,TRUE,Maschio,1996-09-09,17:55,9 January 2020,Facebook,09/01/2020
Milano,Fotomodelli,Henry,Cunningham,h.cunningham@randatmail.com,Rescaldina,187,88,,Femmina,2000-01-06,17:59,9 January 2020,Facebook,09/01/2020
Milano,Fotomodelli,Mike,Howard,m.howard@randatmail.com,Rescaldina,173,,,Femmina,2000-01-06,17:59,9 January 2020,Facebook,09/01/2020
Milano,Fotomodelli,Kirsten,Hall,k.hall@randatmail.com,Cerro Maggiore,172,73.2,,Femmina,2000-11-13,18:04,9 January 2020,Facebook,09/01/2020
Roma,Attori/Attrici,Jared,Campbell,j.campbell@randatmail.com,Roma,165,87.3,TRUE,Femmina,1987-09-02,18:17,9 January 2020,Facebook,09/01/2020
Avellino,Attori/Attrici,Carina,Rogers,c.rogers@randatmail.com,Avellino,169,90,FALSE,Femmina,1994-02-22,18:29,9 January 2020,Facebook,09/01/2020
Bari,Fotomodelli,Julia,Morrison,j.morrison@randatmail.com,Altamura,180,99,-,Maschio,1995-06-06,18:32,9 January 2020,Facebook,09/01/2020
Reggio Nell'Emilia,Fotomodelli,Bruce,Perry,b.perry@randatmail.com,Reggio Emilia,183,,FALSE,Femmina,1998-11-27,18:33,9 January 2020,Facebook,09/01/2020
Ferrara,Fotomodelli,Olivia,Rogers,o.rogers@randatmail.com,ferrara,174,73.2,FALSE,Femmina,1987-11-30,18:33,9 January 2020,Facebook,09/01/2020
Ferrara,Fotomodelli,Amber,Edwards,a.edwards@randatmail.com,ferrara,175,87.3,FALSE,Femmina,1987-11-30,18:33,9 January 2020,Facebook,09/01/2020
Roma,Attori/Attrici,Edith,Alexander,e.alexander@randatmail.com,Roma,163,24,TRUE,Femmina,1997-10-25,18:39,9 January 2020,Facebook,09/01/2020
Milano,Fotomodelli,Nicholas,Payne,n.payne@randatmail.com,Milano,187,99,TRUE,Femmina,1987-12-10,18:52,9 January 2020,Facebook,09/01/2020
Foggia,Fotomodelli,Oliver,Riley,o.riley@randatmail.com,San Severo,173,,FALSE,Maschio,1997-02-21,18:55,9 January 2020,Facebook,09/01/2020
Roma,Ballerini,Lucy,Phillips,l.phillips@randatmail.com,Roma,172,34.2,-,Femmina,2000-06-27,18:56,9 January 2020,Facebook,09/01/2020
Roma,Fotomodelli,Charlotte,Farrell,c.farrell@randatmail.com,Roma,165,55,FALSE,Femmina,2003-05-27,19:02,9 January 2020,Facebook,09/01/2020
Como,Fotomodelli,Myra,Moore,m.moore@randatmail.com,Como,169,,TRUE,Femmina,1988-02-04,19:02,9 January 2020,Facebook,09/01/2020
Genova,Attori/Attrici,Fenton,Alexander,f.alexander@randatmail.com,Genova,180,,FALSE,Maschio,1997-04-07,19:06,9 January 2020,Facebook,09/01/2020
Torino,Modelli,Briony,Barrett,b.barrett@randatmail.com,Settimo Torinese,183,42.4,-,Maschio,2000-02-01,19:10,9 January 2020,Facebook,09/01/2020
Verona,Attori/Attrici,Lilianna,Richards,l.richards@randatmail.com,Verona,174,,FALSE,Maschio,1997-08-26,19:36,9 January 2020,Facebook,09/01/2020
Milano,Cantanti,Emma,Bailey,e.bailey@randatmail.com,Milano,175,,FALSE,Femmina,1995-12-13,19:39,9 January 2020,Facebook,09/01/2020
Roma,Fotomodelli,Ashton,Baker,a.baker@randatmail.com,Roma,163,22.3,FALSE,Maschio,1990-05-17,20:29,9 January 2020,Facebook,09/01/2020
Massa-Carrara,Fotomodelli,Belinda,Evans,b.evans@randatmail.com,Carrara,187,,TRUE,Femmina,2001-02-21,20:38,9 January 2020,Facebook,09/01/2020
Vicenza,Fotomodelli,Miranda,Jones,m.jones@randatmail.com,Valdagno,173,,TRUE,Femmina,2020-01-09,20:39,9 January 2020,Facebook,09/01/2020
Imperia,Fotomodelli,Ellia,Reed,e.reed@randatmail.com,Napoli,172,24,FALSE,Maschio,1994-12-09,20:48,9 January 2020,Facebook,09/01/2020
Roma,Attori/Attrici,Alen,Davis,a.davis@randatmail.com,Roma,165,,-,Maschio,1998-02-23,20:49,9 January 2020,Facebook,09/01/2020
Milano,Fotomodelli,Alfred,Wilson,a.wilson@randatmail.com,Genova,169,35,FALSE,Maschio,1997-01-25,20:52,9 January 2020,Facebook,09/01/2020
Pavia,Attori/Attrici,Roman,Craig,r.craig@randatmail.com,Pavia,180,,FALSE,Femmina,2014-11-10,20:52,9 January 2020,Facebook,09/01/2020
Venezia,Ballerini,Lucas,Casey,l.casey@randatmail.com,Concordia Sagittaria,183,,FALSE,Femmina,1999-11-10,20:54,9 January 2020,Facebook,09/01/2020
Napoli,Modelli,Arianna,Brooks,a.brooks@randatmail.com,Cimitile,174,,TRUE,Maschio,1994-03-03,20:56,9 January 2020,Facebook,09/01/2020
Cosenza,Fotomodelli,James,Wright,j.wright@randatmail.com,Spezzano della Sila,175,,,Maschio,1998-08-24,20:59,9 January 2020,Facebook,09/01/2020
Treviso,Modelli,Justin,Scott,j.scott@randatmail.com,Riese Pio X,163,73.2,,Femmina,2000-07-28,21:03,9 January 2020,Facebook,09/01/2020
Milano,Fotomodelli,Olivia,Stevens,o.stevens@randatmail.com,Milano,187,87.3,TRUE,Femmina,1989-10-10,21:08,9 January 2020,Facebook,09/01/2020
Arezzo,Attori/Attrici,Frederick,Harrison,f.harrison@randatmail.com,Foiano,173,90,FALSE,Maschio,1992-04-09,21:08,9 January 2020,Facebook,09/01/2020
Lecco,Fotomodelli,Paige,Baker,p.baker@randatmail.com,Lecco,172,99,-,Maschio,1994-03-19,21:12,9 January 2020,Facebook,09/01/2020
Milano,Fotomodelli,Alissa,Wilson,a.wilson@randatmail.com,Milano,165,,FALSE,Femmina,1992-07-05,21:15,9 January 2020,Facebook,09/01/2020
Milano,Fotomodelli,Aston,Spencer,a.spencer@randatmail.com,Milano,169,73.2,TRUE,Femmina,1992-07-05,21:15,9 January 2020,Facebook,09/01/2020
Milano,Fotomodelli,Adele,Hamilton,a.hamilton@randatmail.com,Milano,180,87.3,FALSE,Femmina,1992-07-05,21:15,9 January 2020,Facebook,09/01/2020
Milano,Fotomodelli,Lydia,Ellis,l.ellis@randatmail.com,Milano,175,24,-,Femmina,1992-07-05,21:16,9 January 2020,Facebook,09/01/2020
Milano,Fotomodelli,Sabrina,Bennett,s.bennett@randatmail.com,Milano,163,99,FALSE,Femmina,1992-07-05,21:16,9 January 2020,Facebook,09/01/2020
Napoli,Fotomodelli,Albert,Stewart,a.stewart@randatmail.com,Napoli,187,,FALSE,Femmina,1995-11-26,21:16,9 January 2020,Facebook,09/01/2020
Como,Modelli,Melissa,Richards,m.richards@randatmail.com,Mariano comense,183,34.2,FALSE,Maschio,2020-04-28,21:17,9 January 2020,Facebook,09/01/2020
Como,Modelli,Lana,Myers,l.myers@randatmail.com,Mariano comense,174,55,TRUE,Maschio,2020-04-28,21:18,9 January 2020,Facebook,09/01/2020
Pescara,Fotomodelli,Florrie,Wells,f.wells@randatmail.com,Pescara,175,,TRUE,Maschio,1993-05-07,21:21,9 January 2020,Facebook,09/01/2020
Isernia,Fotomodelli,Abigail,Holmes,a.holmes@randatmail.com,Isernia,163,,FALSE,Maschio,1985-11-03,21:22,9 January 2020,Facebook,09/01/2020
Livorno,Fotomodelli,Ashton,Ross,a.ross@randatmail.com,Livorno,187,42.4,-,Femmina,2000-03-25,21:25,9 January 2020,Facebook,09/01/2020
Napoli,Fotomodelli,Carlos,Hawkins,c.hawkins@randatmail.com,Napoli,173,,FALSE,Femmina,1983-10-05,21:47,9 January 2020,Facebook,09/01/2020
Taranto,Fotomodelli,Miller,Dixon,m.dixon@randatmail.com,Taranto,172,,FALSE,Femmina,2000-10-02,21:48,9 January 2020,Facebook,09/01/2020
Arezzo,Fotomodelli,Maria,Morris,m.morris@randatmail.com,Arezzo,165,22.3,FALSE,Femmina,2002-01-19,21:49,9 January 2020,Facebook,09/01/2020
Bergamo,Fotomodelli,Alford,Ferguson,a.ferguson@randatmail.com,Trescore balneario,169,,TRUE,Maschio,1991-01-31,21:52,9 January 2020,Facebook,09/01/2020
Torino,Fotomodelli,Daryl,Harper,d.harper@randatmail.com,Torino,180,,,Femmina,1998-06-06,21:55,9 January 2020,Facebook,09/01/2020
Caserta,Fotomodelli,Cadie,Barnes,c.barnes@randatmail.com,Caserta,183,24,,Maschio,1993-07-09,21:56,9 January 2020,Facebook,09/01/2020
Taranto,Modelli,Jacob,Richardson,j.richardson@randatmail.com,Massafra,174,,,Femmina,1990-03-19,22:09,9 January 2020,Facebook,09/01/2020
Viterbo,Ballerini,Jared,Murphy,j.murphy@randatmail.com,Bassano Romano,175,35,TRUE,Femmina,1999-09-21,22:11,9 January 2020,Facebook,09/01/2020
Napoli,Attori/Attrici,Emily,Gray,e.gray@randatmail.com,Napoli,163,,FALSE,Maschio,1993-10-13,22:16,9 January 2020,Facebook,09/01/2020
Rimini,Fotomodelli,Samantha,Spencer,s.spencer@randatmail.com,Rimini,187,73.2,-,Maschio,1997-12-18,22:25,9 January 2020,Facebook,09/01/2020
Napoli,Fotomodelli,Emily,Carter,e.carter@randatmail.com,Napoli,173,87.3,FALSE,Femmina,1999-07-30,22:28,9 January 2020,Facebook,09/01/2020
Roma,Modelli,Violet,Thomas,v.thomas@randatmail.com,Roma,172,90,FALSE,Femmina,1996-06-01,22:35,9 January 2020,Facebook,09/01/2020
Roma,Attori/Attrici,Elian,Grant,e.grant@randatmail.com,roma,165,99,FALSE,Maschio,1990-11-23,22:36,9 January 2020,Facebook,09/01/2020
Caserta,Fotomodelli,Alfred,Brown,a.brown@randatmail.com,Caserta,169,,TRUE,Femmina,1992-12-16,22:39,9 January 2020,Facebook,09/01/2020
Massa-Carrara,Attori/Attrici,April,Kelly,a.kelly@randatmail.com,Massa,180,73.2,TRUE,Femmina,1996-08-27,22:55,9 January 2020,Facebook,09/01/2020
Roma,Modelli,Tyler,Ryan,t.ryan@randatmail.com,Roma,183,87.3,FALSE,Femmina,2020-01-20,23:01,9 January 2020,Facebook,09/01/2020
Roma,Fotomodelli,Joyce,Walker,j.walker@randatmail.com,Italia,174,24,-,Femmina,2001-12-15,23:01,9 January 2020,Facebook,09/01/2020
Campobasso,Fotomodelli,Naomi,Carter,n.carter@randatmail.com,Bojano,175,99,FALSE,Femmina,1991-01-25,23:01,9 January 2020,Facebook,09/01/2020
Foggia,Attori/Attrici,Emma,Thomas,e.thomas@randatmail.com,San Giovanni Rotondo,163,,TRUE,Maschio,2000-02-18,23:06,9 January 2020,Facebook,09/01/2020
Caserta,Modelli,Maria,Robinson,m.robinson@randatmail.com,Sant'Arpino,187,34.2,FALSE,Maschio,1995-01-07,23:06,9 January 2020,Facebook,09/01/2020
Genova,Modelli,Sam,Lloyd,s.lloyd@randatmail.com,Genova,173,55,-,Femmina,2001-06-26,23:16,9 January 2020,Facebook,09/01/2020
Bari,Fotomodelli,Alford,Adams,a.adams@randatmail.com,Casamassima,172,,FALSE,Maschio,1997-05-01,23:22,9 January 2020,Facebook,09/01/2020
Lecce,Modelli,Walter,Robinson,w.robinson@randatmail.com,Nardó,165,,FALSE,Femmina,1995-02-06,23:31,9 January 2020,Facebook,09/01/2020
Napoli,Modelli,Brianna,Stewart,b.stewart@randatmail.com,Napoli,169,42.4,FALSE,Maschio,2020-04-23,23:34,9 January 2020,Facebook,09/01/2020
Napoli,Modelli,Vanessa,Scott,v.scott@randatmail.com,Napoli,180,,TRUE,Maschio,2000-04-23,23:34,9 January 2020,Facebook,09/01/2020
Latina,Fotomodelli,Maria,Warren,m.warren@randatmail.com,Cisterna di Latina,183,,TRUE,Femmina,1997-07-29,23:35,9 January 2020,Facebook,09/01/2020
Latina,Fotomodelli,Samantha,Henderson,s.henderson@randatmail.com,Cisterna di Latina,174,22.3,FALSE,Femmina,1997-07-29,23:35,9 January 2020,Facebook,09/01/2020
Firenze,Fotomodelli,Mike,Hall,m.hall@randatmail.com,Firenze,175,,-,Femmina,2001-04-01,23:38,9 January 2020,Facebook,09/01/2020
Bari,Attori/Attrici,Charlie,Adams,c.adams@randatmail.com,bari,163,,FALSE,Femmina,2003-08-24,23:43,9 January 2020,Facebook,09/01/2020
Pisa,Modelli,Paul,Richards,p.richards@randatmail.com,Pisa,187,24,FALSE,Maschio,1993-10-17,23:44,9 January 2020,Facebook,09/01/2020
Cuneo,Attori/Attrici,Jack,Brown,j.brown@randatmail.com,Cuneo,173,,FALSE,Maschio,1999-07-20,23:44,9 January 2020,Facebook,09/01/2020
Pistoia,Fotomodelli,Carina,Casey,c.casey@randatmail.com,Lamporecchio,172,35,TRUE,Maschio,1999-04-18,23:51,9 January 2020,Facebook,09/01/2020
Firenze,Modelli,Chelsea,West,c.west@randatmail.com,Fucecchio,183,,,Femmina,1999-01-20,0:01,10 January 2020,Facebook,10/01/2020
Roma,Modelli,Kellan,Harris,k.harris@randatmail.com,Roma,174,,,Maschio,1999-03-03,0:02,10 January 2020,Facebook,10/01/2020
Roma,Modelli,Honey,Brooks,h.brooks@randatmail.com,Roma,175,,,Maschio,1999-03-03,0:02,10 January 2020,Facebook,10/01/2020
Roma,Modelli,Michael,Phillips,m.phillips@randatmail.com,Roma,163,,TRUE,Maschio,1999-03-03,0:02,10 January 2020,Facebook,10/01/2020
Cosenza,Attori/Attrici,Abigail,Johnson,a.johnson@randatmail.com,Cosenza,187,,FALSE,Femmina,1998-01-07,0:12,10 January 2020,Facebook,10/01/2020
Firenze,Fotomodelli,Isabella,Howard,i.howard@randatmail.com,Firenze,173,,-,Femmina,1998-04-12,0:54,10 January 2020,Facebook,10/01/2020
Benevento,Modelli,Elian,Payne,e.payne@randatmail.com,Paolisi,172,,FALSE,Maschio,1998-06-30,1:11,10 January 2020,Facebook,10/01/2020
Salerno,Cantanti,Preston,Farrell,p.farrell@randatmail.com,Trentinara,165,,TRUE,Maschio,1994-02-05,1:19,10 January 2020,Facebook,10/01/2020
Roma,Modelli,Violet,Clark,v.clark@randatmail.com,Roma,169,55,FALSE,Maschio,1987-08-13,1:32,10 January 2020,Facebook,10/01/2020
Barletta-Andria-Trani,Fotomodelli,Kimberly,Barnes,k.barnes@randatmail.com,Barletta,180,48,-,Maschio,1995-02-08,1:34,10 January 2020,Facebook,10/01/2020
Padova,Fotomodelli,Isabella,Richards,i.richards@randatmail.com,Piazzola Sul Brenta,183,,FALSE,Maschio,2001-11-21,1:40,10 January 2020,Facebook,10/01/2020
Foggia,Fotomodelli,Amelia,Foster,a.foster@randatmail.com,Manfredonia,174,44.8,TRUE,Femmina,2002-07-02,1:50,10 January 2020,Facebook,10/01/2020
Savona,Fotomodelli,Isabella,Perry,i.perry@randatmail.com,Cairo Montenotte,175,,FALSE,Maschio,1998-07-20,2:29,10 January 2020,Facebook,10/01/2020
Pisa,Fotomodelli,Sienna,Ellis,s.ellis@randatmail.com,San Miniato,163,26,-,Maschio,1989-07-07,2:29,10 January 2020,Facebook,10/01/2020
Perugia,Attori/Attrici,Dainton,Hawkins,d.hawkins@randatmail.com,Gualdo Tadino,187,,FALSE,Maschio,2000-04-09,3:02,10 January 2020,Facebook,10/01/2020
Roma,Attori/Attrici,Abigail,Murphy,a.murphy@randatmail.com,Roma,173,88,FALSE,Femmina,2020-08-08,3:52,10 January 2020,Facebook,10/01/2020
Roma,Attori/Attrici,Penelope,Hill,p.hill@randatmail.com,Roma,172,73.2,FALSE,Femmina,2020-08-08,3:53,10 January 2020,Facebook,10/01/2020
Roma,Attori/Attrici,Eddy,Owens,e.owens@randatmail.com,Roma,165,87.3,TRUE,Femmina,2020-08-08,3:53,10 January 2020,Facebook,10/01/2020
Roma,Attori/Attrici,Florrie,Stewart,f.stewart@randatmail.com,Roma,169,90,TRUE,Femmina,2020-08-08,3:53,10 January 2020,Facebook,10/01/2020
Pisa,Modelli,Sienna,Cunningham,s.cunningham@randatmail.com,Pisa,180,99,FALSE,Femmina,2001-01-04,4:36,10 January 2020,Facebook,10/01/2020
Lecce,Fotomodelli,Ryan,Johnston,r.johnston@randatmail.com,Trepuzzi,183,,-,Femmina,1983-06-08,5:59,10 January 2020,Facebook,10/01/2020
Reggio Nell'Emilia,Attori/Attrici,Richard,Murphy,r.murphy@randatmail.com,Reggio Emilia,174,73.2,FALSE,Femmina,1995-02-25,7:02,10 January 2020,Facebook,10/01/2020
Grosseto,Fotomodelli,William,Edwards,w.edwards@randatmail.com,Follonica,175,87.3,FALSE,Femmina,2001-07-31,7:34,10 January 2020,Facebook,10/01/2020
Avellino,Fotomodelli,Frederick,Perkins,f.perkins@randatmail.com,Sperone,163,24,FALSE,Maschio,1999-10-12,7:36,10 January 2020,Facebook,10/01/2020
Chieti,Modelli,Walter,Williams,w.williams@randatmail.com,Chieti scalo,187,99,TRUE,Femmina,1991-03-21,7:47,10 January 2020,Facebook,10/01/2020
Vicenza,Modelli,Mike,Cole,m.cole@randatmail.com,Camisano Vicentino,173,,,Femmina,1993-04-06,7:57,10 January 2020,Facebook,10/01/2020
Roma,Attori/Attrici,Kirsten,Thompson,k.thompson@randatmail.com,Roma,172,34.2,,Femmina,1991-05-09,8:06,10 January 2020,Facebook,10/01/2020
Torino,Modelli,Byron,Holmes,b.holmes@randatmail.com,Torino,165,55,,Maschio,1999-08-28,8:26,10 January 2020,Facebook,10/01/2020
Brindisi,Fotomodelli,Aston,Hall,a.hall@randatmail.com,Torchiarolo,169,,TRUE,Femmina,1997-11-05,9:22,10 January 2020,Facebook,10/01/2020
Varese,Fotomodelli,Jack,Mitchell,j.mitchell@randatmail.com,Lugano,180,,FALSE,Maschio,1997-12-14,9:25,10 January 2020,Facebook,10/01/2020
Ancona,Fotomodelli,Charlotte,Roberts,c.roberts@randatmail.com,Serra de’conti,183,42.4,-,Maschio,1991-07-18,9:25,10 January 2020,Facebook,10/01/2020
Potenza,Fotomodelli,Julia,Montgomery,j.montgomery@randatmail.com,Tolve,174,,FALSE,Maschio,1998-04-23,9:29,10 January 2020,Facebook,10/01/2020
Milano,Attori/Attrici,Adele,Tucker,a.tucker@randatmail.com,Milano,175,,FALSE,Femmina,1997-05-14,9:42,10 January 2020,Facebook,10/01/2020
Bari,Fotomodelli,Byron,Mason,b.mason@randatmail.com,Rutigliano,163,22.3,FALSE,Femmina,1996-10-17,9:50,10 January 2020,Facebook,10/01/2020
Caserta,Attori/Attrici,Byron,Evans,b.evans@randatmail.com,Sessa Aurunca,187,,TRUE,Maschio,2018-08-25,9:54,10 January 2020,Facebook,10/01/2020
Potenza,Attori/Attrici,Justin,Henderson,j.henderson@randatmail.com,Melfi,173,,FALSE,Maschio,1991-10-12,10:00,10 January 2020,Facebook,10/01/2020
Parma,Fotomodelli,Richard,Martin,r.martin@randatmail.com,Parma,172,24,FALSE,Femmina,2000-06-23,10:29,10 January 2020,Facebook,10/01/2020
Pesaro e Urbino,Fotomodelli,Adrianna,Stewart,a.stewart@randatmail.com,Pesaro,165,,TRUE,Maschio,1982-11-17,10:43,10 January 2020,Facebook,10/01/2020
Pesaro e Urbino,Fotomodelli,Madaline,Edwards,m.edwards@randatmail.com,Pesaro,169,35,TRUE,Maschio,1982-11-17,10:43,10 January 2020,Facebook,10/01/2020
Pisa,Fotomodelli,Sophia,Higgins,s.higgins@randatmail.com,Pisa,180,,FALSE,Maschio,1983-08-31,11:04,10 January 2020,Facebook,10/01/2020
Avellino,Attori/Attrici,Eddy,Andrews,e.andrews@randatmail.com,Atripalda,172,,-,Maschio,1997-08-01,11:04,10 January 2020,Facebook,10/01/2020
Barletta-Andria-Trani,Fotomodelli,Lucia,Parker,l.parker@randatmail.com,Barletta,165,,FALSE,Femmina,2000-08-21,11:10,10 January 2020,Facebook,10/01/2020
Roma,Fotomodelli,Mike,Spencer,m.spencer@randatmail.com,Roma,169,,FALSE,Maschio,1999-01-07,11:10,10 January 2020,Facebook,10/01/2020
Pesaro e Urbino,Fotomodelli,Frederick,Crawford,f.crawford@randatmail.com,Mondavio,180,,FALSE,Femmina,1985-10-15,11:12,10 January 2020,Facebook,10/01/2020
Fermo,Fotomodelli,Lenny,Hunt,l.hunt@randatmail.com,Montegranato,183,,TRUE,Femmina,1987-10-10,11:24,10 January 2020,Facebook,10/01/2020
Cosenza,Attori/Attrici,Kirsten,Murphy,k.murphy@randatmail.com,San benedetto ulllano,174,,TRUE,Maschio,1999-05-20,11:24,10 January 2020,Facebook,10/01/2020
Latina,Fotomodelli,Daniel,Warren,d.warren@randatmail.com,Formia,175,,FALSE,Femmina,1997-12-11,11:31,10 January 2020,Facebook,10/01/2020
Bari,Fotomodelli,Ada,Gibson,a.gibson@randatmail.com,Gravina in Puglia,163,55,-,Femmina,1992-05-30,11:31,10 January 2020,Facebook,10/01/2020
Bari,Attori/Attrici,Edith,Richardson,e.richardson@randatmail.com,Bari,187,48,FALSE,Maschio,1996-09-30,11:37,10 January 2020,Facebook,10/01/2020
Cremona,Attori/Attrici,Connie,Harper,c.harper@randatmail.com,Crema,173,,TRUE,Maschio,1998-07-01,11:44,10 January 2020,Facebook,10/01/2020
Lecce,Attori/Attrici,Ted,Murphy,t.murphy@randatmail.com,Minervino di Lecce,172,44.8,FALSE,Maschio,2001-02-20,11:47,10 January 2020,Facebook,10/01/2020
Foggia,Fotomodelli,Ted,Chapman,t.chapman@randatmail.com,Lucera,165,,-,Maschio,1997-08-28,12:06,10 January 2020,Facebook,10/01/2020
Foggia,Fotomodelli,Roland,Gibson,r.gibson@randatmail.com,Lucera,183,26,FALSE,Maschio,1997-08-28,12:07,10 January 2020,Facebook,10/01/2020
Venezia,Fotomodelli,Lily,Mitchell,l.mitchell@randatmail.com,Venezia,174,,FALSE,Maschio,2000-06-23,12:18,10 January 2020,Facebook,10/01/2020
Udine,Fotomodelli,Vincent,Foster,v.foster@randatmail.com,Gemona del Friuli,175,88,FALSE,Maschio,2000-06-17,12:23,10 January 2020,Facebook,10/01/2020
Bergamo,Attori/Attrici,Amelia,Owens,a.owens@randatmail.com,Palosco,163,,TRUE,Maschio,1998-09-26,12:26,10 January 2020,Facebook,10/01/2020
Pescara,Fotomodelli,Roland,Barrett,r.barrett@randatmail.com,Pescara,187,,TRUE,Maschio,1993-11-22,12:56,10 January 2020,Facebook,10/01/2020
Pescara,Fotomodelli,Victor,Kelley,v.kelley@randatmail.com,Pescara,173,,FALSE,Maschio,1994-11-22,12:56,10 January 2020,Facebook,10/01/2020
Pescara,Fotomodelli,Garry,Adams,g.adams@randatmail.com,Pescara,172,,-,Maschio,1994-11-22,12:57,10 January 2020,Facebook,10/01/2020
Roma,Modelli,Max,Crawford,m.crawford@randatmail.com,Roma,165,,FALSE,Femmina,1999-03-26,13:14,10 January 2020,Facebook,10/01/2020
Lecco,Fotomodelli,Camila,Higgins,c.higgins@randatmail.com,oggiono,169,74,FALSE,Maschio,1994-03-19,13:14,10 January 2020,Facebook,10/01/2020
Napoli,Attori/Attrici,Michael,Roberts,m.roberts@randatmail.com,Napoli,180,,FALSE,Maschio,1983-08-28,13:23,10 January 2020,Facebook,10/01/2020
Forli,Fotomodelli,Briony,Bailey,b.bailey@randatmail.com,Cesena,183,,TRUE,Maschio,1990-10-22,14:15,10 January 2020,Facebook,10/01/2020
Napoli,Fotomodelli,Stella,Ferguson,s.ferguson@randatmail.com,Frattamaggiore,174,,,Maschio,1997-12-22,14:17,10 January 2020,Facebook,10/01/2020
Roma,Attori/Attrici,Reid,Sullivan,r.sullivan@randatmail.com,Roma,175,,,Femmina,2000-09-27,14:23,10 January 2020,Facebook,10/01/2020
Taranto,Fotomodelli,Florrie,Casey,f.casey@randatmail.com,Massafra,163,97.9,,Femmina,1995-10-14,14:30,10 January 2020,Facebook,10/01/2020
Napoli,Fotomodelli,Agata,Martin,a.martin@randatmail.com,Marigliano,187,22.12,TRUE,Maschio,2000-09-13,14:32,10 January 2020,Facebook,10/01/2020
Arezzo,Modelli,Michelle,Craig,m.craig@randatmail.com,Soci-Bibbiena,173,,FALSE,Maschio,1999-10-11,14:35,10 January 2020,Facebook,10/01/2020
Arezzo,Modelli,Lana,Harrison,l.harrison@randatmail.com,Soci-Bibbiena,172,,-,Maschio,1999-10-11,14:35,10 January 2020,Facebook,10/01/2020
Prato,Modelli,Lucas,Craig,l.craig@randatmail.com,Prato,165,,FALSE,Maschio,2000-12-19,14:45,10 January 2020,Facebook,10/01/2020
Ancona,Fotomodelli,George,Johnston,g.johnston@randatmail.com,Osimo,169,,TRUE,Femmina,2000-03-02,14:46,10 January 2020,Facebook,10/01/2020
Bari,Modelli,Eddy,Higgins,e.higgins@randatmail.com,Bari,180,23,FALSE,Maschio,1995-06-07,14:52,10 January 2020,Facebook,10/01/2020
Reggio Di Calabria,Cantanti,Grace,Baker,g.baker@randatmail.com,Laureana di Borrello,183,,-,Femmina,1990-05-31,14:53,10 January 2020,Facebook,10/01/2020
Salerno,Fotomodelli,Adele,Taylor,a.taylor@randatmail.com,Scafati,174,,FALSE,Femmina,2000-03-17,15:19,10 January 2020,Facebook,10/01/2020
Pisa,Cantanti,Haris,Evans,h.evans@randatmail.com,Pisa,175,34,TRUE,Femmina,1999-08-13,15:24,10 January 2020,Facebook,10/01/2020
Bari,Fotomodelli,Brooke,Ross,b.ross@randatmail.com,Altamura,163,24,FALSE,Femmina,1992-05-05,15:27,10 January 2020,Facebook,10/01/2020
L'Aquila,Fotomodelli,Wilson,Watson,w.watson@randatmail.com,Carsoli,187,,-,Femmina,2001-04-20,15:42,10 January 2020,Facebook,10/01/2020
Bari,Fotomodelli,Kelvin,Sullivan,k.sullivan@randatmail.com,Bari,183,73.2,FALSE,Femmina,1998-10-14,15:44,10 January 2020,Facebook,10/01/2020
Parma,Fotomodelli,Adison,Casey,a.casey@randatmail.com,Colorno,174,87.3,FALSE,Femmina,1997-06-09,15:47,10 January 2020,Facebook,10/01/2020
Milano,Fotomodelli,Mike,Anderson,m.anderson@randatmail.com,Milano,175,90,FALSE,Maschio,2019-07-01,15:59,10 January 2020,Facebook,10/01/2020
Caserta,Fotomodelli,Richard,Adams,r.adams@randatmail.com,Frignano,163,99,TRUE,Femmina,1986-06-12,16:02,10 January 2020,Facebook,10/01/2020
Vercelli,Attori/Attrici,Chelsea,Ferguson,c.ferguson@randatmail.com,Pezzana,187,,TRUE,Femmina,2000-11-16,16:07,10 January 2020,Facebook,10/01/2020
Napoli,Attori/Attrici,Sofia,Roberts,s.roberts@randatmail.com,Schiava di Tufino,173,73.2,FALSE,Femmina,2000-03-11,16:15,10 January 2020,Facebook,10/01/2020
Bari,Modelli,Honey,Wells,h.wells@randatmail.com,Corato,172,87.3,-,Femmina,1997-05-27,16:16,10 January 2020,Facebook,10/01/2020
Roma,Ballerini,Chester,Ross,c.ross@randatmail.com,Roma,165,24,FALSE,Femmina,1999-05-28,16:19,10 January 2020,Facebook,10/01/2020
Latina,Attori/Attrici,Frederick,Stewart,f.stewart@randatmail.com,Sezze,169,99,FALSE,Maschio,1996-11-12,16:22,10 January 2020,Facebook,10/01/2020
Potenza,Modelli,Edith,Spencer,e.spencer@randatmail.com,Potenza,180,,FALSE,Maschio,1995-01-15,16:32,10 January 2020,Facebook,10/01/2020
Caserta,Attori/Attrici,Kelsey,Hawkins,k.hawkins@randatmail.com,Caserta,183,34.2,TRUE,Femmina,2000-10-30,16:34,10 January 2020,Facebook,10/01/2020
Siena,Fotomodelli,Miranda,Roberts,m.roberts@randatmail.com,Siena,174,55,,Femmina,1996-01-25,16:38,10 January 2020,Facebook,10/01/2020
Roma,Fotomodelli,Maya,Morris,m.morris@randatmail.com,Manziana (RM),175,,,Femmina,2001-08-20,16:54,10 January 2020,Facebook,10/01/2020
Torino,Attori/Attrici,Oliver,Farrell,o.farrell@randatmail.com,Torino,163,,TRUE,Femmina,2019-06-14,16:57,10 January 2020,Facebook,10/01/2020
Napoli,Modelli,Belinda,Davis,b.davis@randatmail.com,Napoli,187,42.4,FALSE,Maschio,1995-07-08,17:12,10 January 2020,Facebook,10/01/2020
Varese,Modelli,Lucy,Spencer,l.spencer@randatmail.com,Saronno,173,,-,Maschio,1998-06-23,17:29,10 January 2020,Facebook,10/01/2020
Piacenza,Fotomodelli,Kelsey,Mitchell,k.mitchell@randatmail.com,Piacenza,172,,FALSE,Femmina,2001-08-18,18:03,10 January 2020,Facebook,10/01/2020
Napoli,Attori/Attrici,Kevin,Foster,k.foster@randatmail.com,Napoli,165,22.3,TRUE,Femmina,1992-10-12,18:14,10 January 2020,Facebook,10/01/2020
Cuneo,Fotomodelli,David,Hunt,d.hunt@randatmail.com,Bra,169,,FALSE,Femmina,1988-06-30,18:30,10 January 2020,Facebook,10/01/2020
Milano,Fotomodelli,Melissa,Morris,m.morris@randatmail.com,Milano,180,,-,Maschio,2019-02-16,18:55,10 January 2020,Facebook,10/01/2020
Napoli,Attori/Attrici,Ned,Richards,n.richards@randatmail.com,Pozzuoli,183,24,FALSE,Maschio,2020-05-29,20:06,10 January 2020,Facebook,10/01/2020
Napoli,Attori/Attrici,David,Carter,d.carter@randatmail.com,Quarto (NA),174,,FALSE,Femmina,2000-06-13,20:20,10 January 2020,Facebook,10/01/2020
Macerata,Fotomodelli,Stuart,Casey,s.casey@randatmail.com,Macerata,183,35,FALSE,Femmina,2020-06-16,20:20,10 January 2020,Facebook,10/01/2020
Genova,Modelli,Leonardo,Hunt,l.hunt@randatmail.com,Genova,174,,TRUE,Maschio,1987-12-12,20:23,10 January 2020,Facebook,10/01/2020
Viterbo,Attori/Attrici,Luke,Hall,l.hall@randatmail.com,Marta,175,,TRUE,Femmina,1982-12-30,20:37,10 January 2020,Facebook,10/01/2020
Torino,Ballerini,Rebecca,Farrell,r.farrell@randatmail.com,Beinasco,163,,FALSE,Maschio,2000-02-05,20:42,10 January 2020,Facebook,10/01/2020
Torino,Ballerini,Kimberly,Myers,k.myers@randatmail.com,Beinasco,187,,-,Maschio,2000-02-05,20:42,10 January 2020,Facebook,10/01/2020
Torino,Ballerini,Kellan,Ryan,k.ryan@randatmail.com,Beinasco,173,,FALSE,Maschio,2000-02-05,20:42,10 January 2020,Facebook,10/01/2020
Rieti,Attori/Attrici,Dexter,Harper,d.harper@randatmail.com,Rieti,172,,FALSE,Femmina,2000-02-14,20:57,10 January 2020,Facebook,10/01/2020
Cuneo,Fotomodelli,Adrian,Anderson,a.anderson@randatmail.com,Centallo,165,,TRUE,Femmina,1997-09-01,21:04,10 January 2020,Facebook,10/01/2020
Napoli,Fotomodelli,Alexander,Ryan,a.ryan@randatmail.com,Casoria,169,,FALSE,Femmina,2001-02-09,21:21,10 January 2020,Facebook,10/01/2020
Caserta,Fotomodelli,Carlos,Payne,c.payne@randatmail.com,Caserta,180,55,-,Femmina,1994-01-30,21:23,10 January 2020,Facebook,10/01/2020
Roma,Attori/Attrici,Sawyer,Armstrong,s.armstrong@randatmail.com,Roma,183,48,FALSE,Femmina,1993-07-15,21:29,10 January 2020,Facebook,10/01/2020
Milano,Fotomodelli,Arianna,Farrell,a.farrell@randatmail.com,Milano,174,,TRUE,Maschio,1997-01-16,21:30,10 January 2020,Facebook,10/01/2020
Vibo Valentia,Fotomodelli,Lucia,Baker,l.baker@randatmail.com,Serra San Bruno,175,44.8,FALSE,Femmina,2000-11-01,21:36,10 January 2020,Facebook,10/01/2020
Viterbo,Attori/Attrici,Audrey,Campbell,a.campbell@randatmail.com,Tarquinia,163,,-,Femmina,1996-08-21,21:43,10 January 2020,Facebook,10/01/2020
Roma,Modelli,Rafael,Payne,r.payne@randatmail.com,Anzio,187,26,FALSE,Maschio,1984-11-28,21:47,10 January 2020,Facebook,10/01/2020
Torino,Fotomodelli,Adele,Bailey,a.bailey@randatmail.com,Chieri,173,,FALSE,Femmina,1999-06-14,21:56,10 January 2020,Facebook,10/01/2020
Napoli,Ballerini,Jasmine,Johnson,j.johnson@randatmail.com,Napoli,172,73.2,FALSE,Femmina,2000-08-10,21:56,10 January 2020,Facebook,10/01/2020
Lucca,Modelli,Ada,Tucker,a.tucker@randatmail.com,Lucca,165,87.3,TRUE,Maschio,1999-07-16,22:03,10 January 2020,Facebook,10/01/2020
Napoli,Attori/Attrici,Tara,Farrell,t.farrell@randatmail.com,Castellammare di stabia,169,90,TRUE,Maschio,1989-12-10,22:12,10 January 2020,Facebook,10/01/2020
Cosenza,Fotomodelli,Agata,Murray,a.murray@randatmail.com,Cosenza,180,99,FALSE,Femmina,2020-01-10,22:26,10 January 2020,Facebook,10/01/2020
Chieti,Fotomodelli,Honey,Fowler,h.fowler@randatmail.com,Vasto,183,,-,Maschio,1997-02-18,22:35,10 January 2020,Facebook,10/01/2020
Taranto,Modelli,Harold,Tucker,h.tucker@randatmail.com,Taranto,174,73.2,FALSE,Maschio,1997-07-27,22:35,10 January 2020,Facebook,10/01/2020
Ancona,Fotomodelli,Alina,Nelson,a.nelson@randatmail.com,Cupramontana,175,87.3,FALSE,Maschio,2000-03-08,22:39,10 January 2020,Facebook,10/01/2020
Frosinone,Modelli,Abraham,Carter,a.carter@randatmail.com,Fiuggi,163,24,FALSE,Femmina,2000-09-09,23:00,10 January 2020,Facebook,10/01/2020
Milano,Fotomodelli,Jessica,Clark,j.clark@randatmail.com,Settimo milanese,187,99,TRUE,Femmina,1992-07-13,23:06,10 January 2020,Facebook,10/01/2020
Napoli,Fotomodelli,Edward,Grant,e.grant@randatmail.com,Napoli,173,,,Maschio,1983-11-19,23:08,10 January 2020,Facebook,10/01/2020
Potenza,Fotomodelli,Kelvin,Higgins,k.higgins@randatmail.com,Rapolla,172,34.2,,Maschio,2000-12-11,23:13,10 January 2020,Facebook,10/01/2020
Barletta-Andria-Trani,Modelli,Alen,Gray,a.gray@randatmail.com,Margherita di Savoia,165,55,,Maschio,1998-08-06,23:20,10 January 2020,Facebook,10/01/2020
Napoli,Fotomodelli,Brad,Crawford,b.crawford@randatmail.com,Napoli,169,,TRUE,Maschio,1992-08-02,23:22,10 January 2020,Facebook,10/01/2020
Pavia,Attori/Attrici,Haris,Ross,h.ross@randatmail.com,Certosa di pavia,180,,FALSE,Femmina,1998-01-06,23:29,10 January 2020,Facebook,10/01/2020
Barletta-Andria-Trani,Attori/Attrici,Elian,Campbell,e.campbell@randatmail.com,Barletta,183,42.4,-,Femmina,2001-08-22,23:31,10 January 2020,Facebook,10/01/2020
Firenze,Modelli,Sarah,West,s.west@randatmail.com,Firenze,174,,FALSE,Femmina,1999-05-26,23:31,10 January 2020,Facebook,10/01/2020
Cremona,Fotomodelli,Rebecca,Thomas,r.thomas@randatmail.com,Crema,175,,FALSE,Femmina,1990-12-21,23:32,10 January 2020,Facebook,10/01/2020
Napoli,Attori/Attrici,Garry,Hill,g.hill@randatmail.com,Giugliano in Campania,163,22.3,FALSE,Maschio,1990-02-07,23:36,10 January 2020,Facebook,10/01/2020
Napoli,Attori/Attrici,Arnold,Tucker,a.tucker@randatmail.com,San Giuseppe vesuviano,187,,TRUE,Femmina,1987-10-15,23:37,10 January 2020,Facebook,10/01/2020
L'Aquila,Modelli,Jared,Brooks,j.brooks@randatmail.com,L’Aquila,173,,FALSE,Femmina,1989-02-25,23:49,10 January 2020,Facebook,10/01/2020
Torino,Fotomodelli,Paul,Bailey,p.bailey@randatmail.com,Feletto Canavese,172,24,-,Femmina,1993-12-05,0:01,11 January 2020,Facebook,11/01/2020
Bari,Fotomodelli,James,West,j.west@randatmail.com,Cassano delle Murge,183,,FALSE,Femmina,1998-03-04,0:07,11 January 2020,Facebook,11/01/2020
Cuneo,Attori/Attrici,Lyndon,Jones,l.jones@randatmail.com,Narzole,174,35,FALSE,Femmina,2001-02-15,0:18,11 January 2020,Facebook,11/01/2020
Cuneo,Modelli,Antony,Howard,a.howard@randatmail.com,Narzole,175,,FALSE,Femmina,2001-02-15,0:20,11 January 2020,Facebook,11/01/2020
Caserta,Fotomodelli,Edgar,Morrison,e.morrison@randatmail.com,Caserta,163,,TRUE,Femmina,1993-05-30,0:20,11 January 2020,Facebook,11/01/2020
Varese,Modelli,Eleanor,Evans,e.evans@randatmail.com,Ticino,187,,,Femmina,2001-11-22,0:27,11 January 2020,Facebook,11/01/2020
Firenze,Fotomodelli,Gianna,Adams,g.adams@randatmail.com,Firenze,173,,,Femmina,1989-01-21,0:27,11 January 2020,Facebook,11/01/2020
Torino,Attori/Attrici,Rubie,Nelson,r.nelson@randatmail.com,Torino,172,,,Femmina,1999-11-22,0:32,11 January 2020,Facebook,11/01/2020
Padova,Attori/Attrici,Dainton,Chapman,d.chapman@randatmail.com,Padova,165,,TRUE,Femmina,1999-12-18,0:46,11 January 2020,Facebook,11/01/2020
Napoli,Attori/Attrici,Samantha,Reed,s.reed@randatmail.com,Napoli,169,,FALSE,Femmina,2000-08-10,0:50,11 January 2020,Facebook,11/01/2020
Napoli,Fotomodelli,Kirsten,Andrews,k.andrews@randatmail.com,Napoli,180,,-,Femmina,1994-02-11,1:01,11 January 2020,Facebook,11/01/2020
Brescia,Fotomodelli,Nicholas,Stevens,n.stevens@randatmail.com,Castelletto di leno,183,55,FALSE,Femmina,2000-05-27,1:02,11 January 2020,Facebook,11/01/2020
Rieti,Fotomodelli,Haris,Elliott,h.elliott@randatmail.com,Leonessa,174,48,TRUE,Maschio,1987-01-11,1:10,11 January 2020,Facebook,11/01/2020
Pisa,Modelli,Brooke,Kelly,b.kelly@randatmail.com,Pisa,175,,FALSE,Femmina,1998-10-18,1:11,11 January 2020,Facebook,11/01/2020
Roma,Fotomodelli,Ryan,Martin,r.martin@randatmail.com,Roma,163,44.8,-,Femmina,1998-10-31,1:17,11 January 2020,Facebook,11/01/2020
Bari,Fotomodelli,Samantha,Mason,s.mason@randatmail.com,Acquaviva delle Fonti,187,,FALSE,Femmina,1994-02-19,1:29,11 January 2020,Facebook,11/01/2020
Modena,Fotomodelli,Amy,Fowler,a.fowler@randatmail.com,Finale Emilia,173,26,FALSE,Femmina,1998-04-27,1:31,11 January 2020,Facebook,11/01/2020
Ascoli Piceno,Fotomodelli,Leonardo,Adams,l.adams@randatmail.com,San Benedetto del Tronto,172,,FALSE,Femmina,1999-03-04,1:40,11 January 2020,Facebook,11/01/2020
Milano,Ballerini,Charlotte,Harrison,c.harrison@randatmail.com,Arese,165,88,TRUE,Femmina,2000-03-26,2:05,11 January 2020,Facebook,11/01/2020
Napoli,Fotomodelli,Amber,Robinson,a.robinson@randatmail.com,Napoli,169,,TRUE,Maschio,2020-03-09,2:35,11 January 2020,Facebook,11/01/2020
Bologna,Attori/Attrici,Max,Wright,m.wright@randatmail.com,Bologna,180,,FALSE,Maschio,2000-09-30,2:55,11 January 2020,Facebook,11/01/2020
Genova,Modelli,Adrianna,Hill,a.hill@randatmail.com,Genova,183,,-,Femmina,1994-01-28,5:48,11 January 2020,Facebook,11/01/2020
Trieste,Fotomodelli,Sophia,Alexander,s.alexander@randatmail.com,Trieste,174,,FALSE,Maschio,1996-12-06,7:12,11 January 2020,Facebook,11/01/2020
Trieste,Fotomodelli,Michelle,Grant,m.grant@randatmail.com,Trieste,175,,FALSE,Maschio,1996-12-06,7:12,11 January 2020,Facebook,11/01/2020
Napoli,Fotomodelli,Catherine,Hill,c.hill@randatmail.com,S. Giuseppe Vesuviano,163,74,FALSE,Maschio,2019-12-04,8:06,11 January 2020,Facebook,11/01/2020
Terni,Fotomodelli,Brad,Montgomery,b.montgomery@randatmail.com,Terni,187,,TRUE,Femmina,1981-03-17,9:53,11 January 2020,Facebook,11/01/2020
Benevento,Modelli,Sydney,Reed,s.reed@randatmail.com,Cerreto sannita,173,,,Femmina,1999-10-22,10:08,11 January 2020,Facebook,11/01/2020
Milano,Attori/Attrici,Sawyer,Morrison,s.morrison@randatmail.com,Milano,172,,,Femmina,2000-11-30,10:10,11 January 2020,Facebook,11/01/2020
Bari,Attori/Attrici,Amber,Montgomery,a.montgomery@randatmail.com,Bari,165,,,Femmina,1993-02-18,10:16,11 January 2020,Facebook,11/01/2020
Vicenza,Fotomodelli,Stella,Dixon,s.dixon@randatmail.com,Roana,169,97.9,TRUE,Femmina,2000-04-24,10:25,11 January 2020,Facebook,11/01/2020